<?xml version="1.0" encoding="UTF-8"?>
<!DOCTYPE suite SYSTEM "https://testng.org/testng-1.0.dtd">
<suite name="testsuite">
	<test name="Test1">
		<classes>
			<class name="Testcase_VMD.T1_Create_directpurchase_request_chiefaaccountant_and_complete_with_allapprove" />
			<class name="Testcase_VMD.T2_Create_directpurchase_request_FMDManager_and_complete_with_allapprove" />
			<class name="Testcase_VMD.T3_Create_directpurchase_request_VicePresident_and_complete_with_allapprove" />
			<class name="Testcase_VMD.T4_Create_directpurchase_request_CEO_and_complete_with_allapprove" />
			<class name="Testcase_VMD.T5_Create_PurchasewithcontractAdvance_request_chiefaaccountant_and_complete_with_allapprove" />
			<class name="Testcase_VMD.T6_Create_PurchasewithcontractAdvance_request_FMDManager_and_complete_with_allapprove" />
			<class name="Testcase_VMD.T7_Create_PurchasewithcontractAdvance_request_VicePresident_and_complete_with_allapprove" />
			<class name="Testcase_VMD.T8_Create_PurchasewithcontractAdvance_request_CEO_and_complete_with_allapprove" />
			<class name="Testcase_VMD.T9_Create__PurchasewithcontractClosingBalance_chiefaaccountant_and_complete_with_allapprove" />
			<class name="Testcase_VMD.T10_Create__PurchasewithcontractClosingBalance_FMDmanager_and_complete_with_allapprove" />
			<class name="Testcase_VMD.T11_Create__PurchasewithcontractClosingBalance_vicepresident_and_complete_with_allapprove" />
			<class name="Testcase_VMD.T12_Create__PurchasewithcontractClosingBalance_CEO_and_complete_with_allapprove" />
			<class name="Testcase_VMD.T13_Create_FixedAssettransfertransactions_request_chiefaaccountant_and_complete_with_allapprove" />
			<class name="Testcase_VMD.T14_Create_FixedAssettransfertransactions_request_FMDmanager_and_complete_with_allapprove" />
			<class name="Testcase_VMD.T15_Create_FixedAssettransfertransactions_request_vicepresident_and_complete_with_allapprove" />
			<class name="Testcase_VMD.T16_Create_FixedAssettransfertransactions_request_CEO_and_complete_with_allapprove" />
			<class name="Testcase_PRD.T1_create_OverhaulOwnpropertyAdvance_request_complete_with_chiefaccountant" />
			<class name="Testcase_PRD.T2_create_OverhaulOwnpropertyAdvance_request_complete_with_FMDmanager" />
			<class name="Testcase_PRD.T3_create_OverhaulOwnpropertyAdvance_request_complete_with_vicepresident" />
			<class name="Testcase_PRD.T4_create_OverhaulOwnpropertyAdvance_request_complete_with_CEO" />
			<class name="Testcase_PRD.T5_create_OverhaulOwnpropertyClosingbalance_request_complete_with_chiefaccountant" />
			<class name="Testcase_PRD.T6_create_OverhaulOwnpropertyClosingbalance_request_complete_with_FMDmanager" />
			<class name="Testcase_PRD.T7_create_OverhaulOwnpropertyClosingbalance_request_complete_with_vicepresident" />
			<class name="Testcase_PRD.T8_create_OverhaulOwnpropertyClosingbalance_request_complete_with_CEO" />
			<class name="Testcase_PRD.T9_create_OverhaulRentalAdvance_request_complete_with_chiefaccountant" />
			<class name="Testcase_PRD.T10_create_OverhaulRentalAdvance_request_complete_with_FMDmanager" />
			<class name="Testcase_PRD.T11_create_OverhaulRentalAdvance_request_complete_with_vicepresident" />
			<class name="Testcase_PRD.T12_create_OverhaulRentalAdvance_request_complete_with_CEO" />
			<class name="Testcase_PRD.T13_create_OverhaulRentalClosingbalance_request_complete_with_chiefaccountant" />
			<class name="Testcase_PRD.T14_create_OverhaulRentalClosingbalance_request_complete_with_FMDmanager" />
			<class name="Testcase_PRD.T15_create_OverhaulRentalClosingbalance_request_complete_with_vicepresident" />
			<class name="Testcase_PRD.T16_create_OverhaulRentalClosingbalance_request_complete_with_CEO" />
			<class name="Testcase_PRD.T17_create_ConstructionAdvance_request_complete_with_chiefaccountant" />
			<class name="Testcase_PRD.T18_create_ConstructionAdvance_request_complete_with_FMDmanager" />
			<class name="Testcase_PRD.T19_create_ConstructionAdvance_request_complete_with_Vicepresident" />
			<class name="Testcase_PRD.T20_create_ConstructionAdvance_request_complete_with_CEO" />
			<class name="Testcase_PRD.T21_create_ConstructionClosingbalance_request_complete_with_chiefaccountant" />
			<class name="Testcase_PRD.T22_create_ConstructionClosingbalance_request_complete_with_FMDmanager" />
			<class name="Testcase_PRD.T23_create_ConstructionClosingbalance_request_complete_with_vicepresident" />
			<class name="Testcase_PRD.T24_create_ConstructionClosingbalance_request_complete_with_CEO" />
			<class name="Testcase_PRD.T25_create_RoutineMaintenanceOwnpropertyAdvance_request_complete_with_chiefaccountant" />
			<class name="Testcase_PRD.T26_create_RoutineMaintenanceOwnpropertyAdvance_request_complete_with_FMDmanager" />
			<class name="Testcase_PRD.T27_create_RoutineMaintenanceOwnpropertyAdvance_request_complete_with_vicepresident" />
			<class name="Testcase_PRD.T28_create_RoutineMaintenanceOwnpropertyAdvance_request_complete_with_CEO" />
			<class name="Testcase_PRD.T29_create_RoutinemaintenanceOwnPropertyClosingbalance_request_complete_with_chiefaccountant" />
			<class name="Testcase_PRD.T30_create_RoutinemaintenanceOwnPropertyClosingbalance_request_complete_with_FMDmanager" />
			<class name="Testcase_PRD.T31_create_RoutinemaintenanceOwnPropertyClosingbalance_request_complete_with_vicepresident" />
			<class name="Testcase_PRD.T32_create_RoutinemaintenanceOwnPropertyClosingbalance_request_complete_with_CEO" />
			<class name="Testcase_PRD.T33_create_RoutinemaintenanceRentalAdvance_request_complete_with_chiefaccountant" />
			<class name="Testcase_PRD.T34_create_RoutinemaintenanceRentalAdvance_request_complete_with_FMDmanager" />
			<class name="Testcase_PRD.T35_create_RoutinemaintenanceRentalAdvance_request_complete_with_vicepresident" />
			<class name="Testcase_PRD.T36_create_RoutinemaintenanceRentalAdvance_request_complete_with_CEO" />
			<class name="Testcase_PRD.T37_create_RoutinemaintenanceRentalClosingbalance_request_complete_with_chiefaccountant" />
			<class name="Testcase_PRD.T38_create_RoutinemaintenanceRentalClosingbalance_request_complete_with_FMDmanager" />
			<class name="Testcase_PRD.T39_create_RoutinemaintenanceRentalClosingbalance_request_complete_with_vicepresident" />
			<class name="Testcase_PRD.T40_create_RoutinemaintenanceRentalClosingbalance_request_complete_with_CEO" />
			<class name="Testcase_ITBGD.T1_create_ForeignpaymentAdvance_request_complete_with_chiefaccountant" />
			<class name="Testcase_ITBGD.T2_create_ForeignpaymentAdvance_request_complete_with_FMDmanager" />
			<class name="Testcase_ITBGD.T3_create_ForeignpaymentAdvance_request_complete_with_vicepresident" />
			<class name="Testcase_ITBGD.T4_create_ForeignpaymentAdvance_request_complete_with_CEO" />
			<class name="Testcase_ITBGD.T5_create_ForeignpaymentClosingbalance_request_complete_with_chiefaccountant" />
			<class name="Testcase_ITBGD.T6_create_ForeignpaymentClosingbalance_request_complete_with_FMDmanager" />
			<class name="Testcase_ITBGD.T7_create_ForeignpaymentClosingbalance_request_complete_with_vicepresident" />
			<class name="Testcase_ITBGD.T8_create_ForeignpaymentClosingbalance_request_complete_with_CEO" />
			<class name="Testcase_VMD_Resubmit.T1_VMD_directpurchase_chiefaccountant_with_Fullresubmit_completed" />
			<class name="Testcase_VMD_Resubmit.T2_VMD_directpurchase_FMDmanager_with_Fullresubmit_completed" />
			<class name="Testcase_VMD_Resubmit.T3_VMD_directpurchase_vicepresident_with_Fullresubmit_completed" />
			<class name="Testcase_VMD_Resubmit.T4_VMD_directpurchase_CEO_with_Fullresubmit_completed" />
			<class name="TestCase_PRD_resubmit.T1_PRD_OverhaulOwnpropertyAdvance_chiefaccountant_with_Fullresubmit_completed" />
			<class name="TestCase_PRD_resubmit.T2_PRD_OverhaulOwnpropertyAdvance_FMDmanager_with_Fullresubmit_completed" />
			<class name="TestCase_PRD_resubmit.T3_PRD_OverhaulOwnpropertyAdvance_vicepresident_with_Fullresubmit_completed" />
			<class name="TestCase_PRD_resubmit.T4_PRD_OverhaulOwnpropertyAdvance_CEO_with_Fullresubmit_completed" />
			<class name="Testcase_ITBGD_resubmit.T1_ITBGT_ForeignpaymentAdvance_chiefaccountant_with_Fullresubmit_completed" />
			<class name="Testcase_ITBGD_resubmit.T2_ITBGT_ForeignpaymentAdvance_FMDmanager_with_Fullresubmit_completed" />
			<class name="Testcase_ITBGD_resubmit.T2_ITBGT_ForeignpaymentAdvance_FMDmanager_with_Fullresubmit_completed" />
			<class name="Testcase_ITBGD_resubmit.T4_ITBGT_ForeignpaymentAdvance_CEO_with_Fullresubmit_completed" />
			<class name="Testcase_VMD_decline.T1_VMD_directpurchase_manager_decline_completed" />
			<class name="Testcase_VMD_decline.T2_VMD_directpurchase_accountant_decline_completed" />
			<class name="Testcase_VMD_decline.T3_VMD_directpurchase_chiefaccountant_decline_completed" />
			<class name="Testcase_VMD_decline.T4_VMD_directpurchase_FMDmanager_decline_completed" />
			<class name="Testcase_VMD_decline.T5_VMD_directpurchase_vicepresident_decline_completed" />
			<class name="Testcase_VMD_decline.T6_VMD_directpurchase_CEO_decline_completed" />
			<class name="Testcase_PRD_decline.T1_PRD_OverhaulOwnpropertyAdvance_manager_decline_completed" />
			<class name="Testcase_PRD_decline.T2_PRD_OverhaulOwnpropertyAdvance_accountant_decline_completed" />
			<class name="Testcase_PRD_decline.T3_PRD_OverhaulOwnpropertyAdvance_chiefaccountant_decline_completed" />
			<class name="Testcase_PRD_decline.T4_PRD_OverhaulOwnpropertyAdvance_FMDmanager_decline_completed" />
			<class name="Testcase_PRD_decline.T5_PRD_OverhaulOwnpropertyAdvance_vicepresident_decline_completed" />
			<class name="Testcase_PRD_decline.T6_PRD_OverhaulOwnpropertyAdvance_CEO_decline_completed" />
			<class name="Testcase_ITBGD_decline.T1_ITBGD_ForeignpaymentAdvance_manager_decline_completed" />
			<class name="Testcase_ITBGD_decline.T2_ITBGD_ForeignpaymentAdvance_accountant_decline_completed" />
			<class name="Testcase_ITBGD_decline.T3_ITBGD_ForeignpaymentAdvance_chiefaccountant_decline_completed" />
			<class name="Testcase_ITBGD_decline.T4_ITBGD_ForeignpaymentAdvance_FMDmanager_decline_completed" />
			<class name="Testcase_ITBGD_decline.T5_ITBGD_ForeignpaymentAdvance_vicepresident_decline_completed" />
			<class name="Testcase_ITBGD_decline.T6_ITBGD_ForeignpaymentAdvance_CEO_decline_completed" />
		</classes>
	</test> <!-- Test -->
</suite> <!-- Suite -->
